Path_2,p,OR,padj
09101 Carbohydrate metabolism,2.16969182545498e-16,2.56145669584617,3.90544528581897e-15
09102 Energy metabolism,0.000910740041894171,1.68746853974129,0.0163933207540951
