Path_2,p,OR,padj
09101 Carbohydrate metabolism,1.90854365075586e-19,2.76369146257047,3.43537857136055e-18
09102 Energy metabolism,2.50994074071171e-07,2.17721689418165,4.51789333328109e-06
