Variable,Scenario,cor,p
Turbidity,126,-0.908573993715397,0
Bacterial abundance,126,0.949415598450463,0
Shannon,126,0.830204886915945,0
MNTD,126,0.909056145776182,0
Turbidity,370,-0.963869076318575,0
Bacterial abundance,370,0.971034853497819,0
Shannon,370,0.696573949379576,0
MNTD,370,0.971101357230341,0
Turbidity,585,-0.973672834887858,0
Bacterial abundance,585,0.978145210899962,0
Shannon,585,0.665295027183401,0
MNTD,585,0.979674796747967,0
