Scenario,Variable,p,logl,logl0,lambda
126,log2fc,4.15481728659691e-235,-1653.24850943352,-2189.21640503377,0.873832375742221
126,r2,1.37672098922119e-89,1260.41252481154,1059.02959277646,0.731247796395748
370,log2fc,4.15481728659691e-235,-1653.24850943352,-2189.21640503377,0.873832375742221
370,r2,1.37672098922119e-89,1260.41252481154,1059.02959277646,0.731247796395748
585,log2fc,4.15481728659691e-235,-1653.24850943352,-2189.21640503377,0.873832375742221
585,r2,1.37672098922119e-89,1260.41252481154,1059.02959277646,0.731247796395748
