Scenario,MeanIncrease,MeanDecrease,MeanNotSignificant,Q25,Median,Q75
126,0.654639175257732,0.299828178694158,0.04553264604811,-0.0608728316452311,0.158347883637831,0.494855584665042
370,0.64733676975945,0.299828178694158,0.0528350515463918,-0.123899639084577,0.298947556626988,0.890233777746013
585,0.643470790378007,0.298109965635739,0.0584192439862543,-0.142677236138317,0.3481987562367,0.998545222300243
