Scenario,MeanIncrease,MeanDecrease,MeanNotSignificant,Q25,Median,Q75
126,0.610824742268041,0.266323024054983,0.122852233676976,-0.0608728316452311,0.158347883637831,0.494855584665042
370,0.606099656357388,0.265034364261168,0.128865979381443,-0.123899639084577,0.298947556626988,0.890233777746013
585,0.603092783505155,0.267611683848797,0.129295532646048,-0.142677236138317,0.3481987562367,0.998545222300243
